{
    "plugin": {
        "id": "provider_video_plutotv",
        "name": "PlutoTV",
        "version": {
            "current_version": "0.1.0"
        },
        "provider-name": "rocky4546",
        "summary": "This is real internet television",
        "description": "Watch Free TV! Stream Pluto TV's 100+ channels of news, sports, and the Internet's best, completely free.",
        "category": ["video"],
        "license": "MIT License, Copyright (C) 2023 ROCKY4546",
        "source": "https://github.com/cabernetwork/provider_video_plutotv",
        "forum": "https://tvheadend.org/boards/5/topics/43052",
        "website": "https://pluto.tv/",
        "icon": "resources/icon.jpg",
        "fanart": "resources/fanart.png",
        "dependencies": null
    }
}