{
    "plugin": {
        "id": "provider_video_daddylive",
        "name": "DaddyLive",
        "version": {
            "current": "0.1.61"
        },
        "requires": [{
            "cabernet": {
                "name": "cabernet",
                "version": "0.9.14.00"
            }
        }],
        "provider-name": "rocky4546",
        "summary": "Watch TV channels from thedaddy.to website.",
        "description": "Watch Free TV! Stream thedaddy.to TV's channels of news, sports, and the Internet's best, completely free.",
        "category": ["video"],
        "license": "MIT License, Copyright (C) 2023 ROCKY4546",
        "source": "https://github.com/cabernetwork/provider_video_daddylive",
        "forum": "https://tvheadend.org/d/7455-daddylive-plutotv-xumo-m3u-xmltv-samsungtv-plex-tvguide-interfaces-appliance",
        "website": "https://daddylive.dad/",
        "icon": "resources/icon.jpg",
        "fanart": "resources/fanart.png",
        "dependencies": "(optional) TVGuide provides the EPG for DaddyLive"
    }
}
