[ 
{"plugin": "TVGuide", "zone": 9133003818, "id": 9200006923, "name": "ABC USA" },
{"plugin": "TVGuide", "zone": 9133001172, "id": 9233000439, "name": "CBS USA" },
{"plugin": "TVGuide", "zone": 9100002046, "id": 9233011926, "name": "FOX USA" },
{"plugin": "TVGuide", "zone": 9100002933, "id": 9200007005, "name": "NBC USA" },
{"plugin": "TVGuide", "zone": 9100002825, "id": 9200020077, "name": "CW USA" },
{"plugin": "TVGuide", "zone": 9100002013, "id": 9200004889, "name": "A&E Tv" },
{"plugin": "TVGuide", "zone": 9100002013, "id": 9233011832, "name": "AMC Tv" },
{"plugin": "TVGuide", "zone": 9100002013, "id": 9200018479, "name": "Animal Planet" },
{"plugin": "TVGuide", "zone": 9100002013, "id": 9200014701, "name": "BBC America" },
{"plugin": "TVGuide", "zone": 9100002013, "id": 9233005931, "name": "BET Network" },
{"plugin": "TVGuide", "zone": 9133003818, "id": 9200018130, "name": "BIG TEN Network (BTN)" },
{"plugin": "TVGuide", "zone": 9100002013, "id": 9200002886, "name": "Bravo TV" },
{"plugin": "TVGuide", "zone": 9133003818, "id": 9233013235, "name": "CBS Sports Network (CBSSN)" },
{"plugin": "TVGuide", "zone": 9100002013, "id": 9200009413, "name": "CNBC" },
{"plugin": "TVGuide", "zone": 9100002013, "id": 9233013812, "name": "CNN USA" },
{"plugin": "TVGuide", "zone": 9100002013, "id": 9200004848, "name": "Cartoon Network" },
{"plugin": "TVGuide", "zone": 9100002013, "id": 9200000657, "name": "Comedy Central" },
{"plugin": "TVGuide", "zone": 9100002013, "id": 9233004102, "name": "Discovery HD" },
{"plugin": "TVGuide", "zone": 9100002013, "id": 9233013857, "name": "Discovery Life" },
{"plugin": "TVGuide", "zone": 9100002013, "id": 9200018475, "name": "Disney Channel" },
{"plugin": "TVGuide", "zone": 9100002013, "id": 9200004852, "name": "Disney XD" },
{"plugin": "TVGuide", "zone": 9100002013, "id": 9200012343, "name": "E! Entertainment" },
{"plugin": "TVGuide", "zone": 9133003818, "id": 9233000478, "name": "ESPN Deportes" },
{"plugin": "TVGuide", "zone": 9100002013, "id": 9200006937, "name": "ESPN USA" },
{"plugin": "TVGuide", "zone": 9100002013, "id": 9200012351, "name": "ESPN2 USA" },
{"plugin": "TVGuide", "zone": 9100002013, "id": 9233011350, "name": "ESPNU USA" },
{"plugin": "TVGuide", "zone": 9100002013, "id": 9233013967, "name": "FX Movie Channel" },
{"plugin": "TVGuide", "zone": 9100002013, "id": 9200006932, "name": "FX TV" },
{"plugin": "TVGuide", "zone": 9100002013, "id": 9233009448, "name": "Food Network" },
{"plugin": "TVGuide", "zone": 9100002013, "id": 9233000410, "name": "Fox News" },
{"plugin": "TVGuide", "zone": 9100002013, "id": 9233004104, "name": "Fox News Channel" },
{"plugin": "TVGuide", "zone": 9100002013, "id": 9233008440, "name": "Fox Sports 1 USA" },
{"plugin": "TVGuide", "zone": 9100002013, "id": 9200006942, "name": "Freeform" },
{"plugin": "TVGuide", "zone": 9100002013, "id": 9200019858, "name": "Game Show Network" },
{"plugin": "TVGuide", "zone": 9100002013, "id": 9233005443, "name": "Golf Channel" },
{"plugin": "TVGuide", "zone": 9100002013, "id": 9200004886, "name": "HBO USA" },
{"plugin": "TVGuide", "zone": 9100002013, "id": 9200016034, "name": "Hallmark Channel" },
{"plugin": "TVGuide", "zone": 9133003818, "id": 9200016601, "name": "Headline News (HLN)" },
{"plugin": "TVGuide", "zone": 9100002013, "id": 9233008002, "name": "History TV" },
{"plugin": "TVGuide", "zone": 9100002013, "id": 9233011910, "name": "ION Television" },
{"plugin": "TVGuide", "zone": 9100002013, "id": 9200002243, "name": "Investigation Discovery (ID)" },
{"plugin": "TVGuide", "zone": 9100002013, "id": 9200020452, "name": "Lifetime Movie Network" },
{"plugin": "TVGuide", "zone": 9100002013, "id": 9233009825, "name": "Lifetime Movies Network" },
{"plugin": "TVGuide", "zone": 9133003818, "id": 9200009223, "name": "MLB Network" },
{"plugin": "TVGuide", "zone": 9100002013, "id": 9233006803, "name": "MSNBC" },
{"plugin": "TVGuide", "zone": 9100002013, "id": 9200014754, "name": "MTV USA" },
{"plugin": "TVGuide", "zone": 9133003818, "id": 9200000070, "name": "NBA TV USA" },
{"plugin": "TVGuide", "zone": 9100002825, "id": 9200004330, "name": "NFL Network" },
{"plugin": "TVGuide", "zone": 9100002013, "id": 9200006939, "name": "NICK" },
{"plugin": "TVGuide", "zone": 9133003818, "id": 9233007153, "name": "NICK JR" },
{"plugin": "TVGuide", "zone": 9100002013, "id": 9233002310, "name": "National Geographic (NGC)" },
{"plugin": "TVGuide", "zone": 9100002013, "id": 9200002736, "name": "Oprah Winfrey Network" },
{"plugin": "TVGuide", "zone": 9100002013, "id": 9200004949, "name": "Oxygen Tv" },
{"plugin": "TVGuide", "zone": 9100002013, "id": 9233013810, "name": "Paramount Network" },
{"plugin": "TVGuide", "zone": 9133003818, "id": 9233008517, "name": "SEC Network USA" },
{"plugin": "TVGuide", "zone": 9100002013, "id": 9200016599, "name": "Showtime USA" },
{"plugin": "TVGuide", "zone": 9100002013, "id": 9233013809, "name": "Starz" },
{"plugin": "TVGuide", "zone": 9100002013, "id": 9233000403, "name": "TBS" },
{"plugin": "TVGuide", "zone": 9100002013, "id": 9233004112, "name": "TLC" },
{"plugin": "TVGuide", "zone": 9100002013, "id": 9233011830, "name": "TNT USA" },
{"plugin": "TVGuide", "zone": 9133003818, "id": 9200018577, "name": "TUDN USA" },
{"plugin": "TVGuide", "zone": 9100002013, "id": 9233005468, "name": "TVLAND" },
{"plugin": "TVGuide", "zone": 9133003818, "id": 9200017917, "name": "Tennis Channel" },
{"plugin": "TVGuide", "zone": 9100002013, "id": 9233000035, "name": "Travel Channel" },
{"plugin": "TVGuide", "zone": 9100002013, "id": 9233004106, "name": "USA Network" },
{"plugin": "TVGuide", "zone": 9133003818, "id": 9200007132, "name": "Unimas" },
{"plugin": "TVGuide", "zone": 9133003818, "id": 9200006768, "name": "Univision" },
{"plugin": "TVGuide", "zone": 9100002013, "id": 9233000037, "name": "VH1 USA" },
{"plugin": "TVGuide", "zone": 9133003818, "id": 9233013815, "name": "Weather Channel" },
{"plugin": "TVGuide", "zone": 9100002013, "id": 9200009547, "name": "tru TV" }
]
