{
    "streams":{
        "id": null,
        "icon": "cast",
        "label": "Stream Providers",
        "description": "Streaming Services",
        "sections":{
            "daddylive":{
                "label": "DaddyLive",
                "sort": "DaddyLive1",
                "icon": "cast",
                "description": "Settings for DaddyLive",
                "settings":{
                    "enabled":{
                        "label": "Enabled",
                        "type": "boolean",
                        "default": true,
                        "level": 0,
                        "help": "Will disable if an error occurs; otherwise set to disable to disable plugin"
                    },
                    "plugin_image":{
                        "label": "Image",
                        "type": "image",
                        "default": null,
                        "level": 0,
                        "help": "The plugin icon"
                    },
                    "version":{
                        "label": "Version",
                        "type": "string",
                        "default": null,
                        "level": 0,
                        "writable": false,
                        "help": "Version of the plugin in the plugin.json file"
                    },
                    "player-tuner_count":{
                        "label": "tuner_count",
                        "type": "integer",
                        "default": 10,
                        "level": 2,
                        "help": "Number of streams active at one time"
                    },
                    "player-send_atsc_keepalive":{
                        "label": "Send ATSC Keep-Alive",
                        "type": "boolean",
                        "default": false,
                        "level": 2,
                        "help": "For internalpproxy, when the provider stops sending packets or the stream is being filtered for 15 seconds, will send a ATSC keep-alive msg to client"
                    },
                    "epg-plugin":{
                        "label": "EPG Plugin to Use",
                        "type": "list",
                        "default": "None",
                        "values": ["None", "ALL"],
                        "level": 1,
                        "onChange": ".provider_video_daddylive.lib.config_callbacks.license_confirmation",
                        "help": "The EPG plugin to use to gather data for personal use"
                    }
                }
            }
        }
    }
}

