{
    "plugin": {
        "id": "provider_video_xumo",
        "name": "XUMO",
        "version": {
            "current": "0.1.10"
        },
        "requires": [{
            "cabernet": {
                "name": "cabernet",
                "version": "0.9.14.00"
            }
        }],
        "provider-name": "rocky4546",
        "summary": "Xumo.TV brings you the best content from digital networks",
        "description": "Xumo.TV brings you the best content from digital networks, presented just like the channels on your TV and mobile devices, only with more cool features.",
        "category": ["video"],
        "license": "MIT License, Copyright (C) 2023 ROCKY4546",
        "source": "https://github.com/cabernetwork/provider_video_xumo",
        "forum": "https://tvheadend.org/boards/5/topics/43052",
        "website": "https://www.xumo.tv/",
        "icon": "resources/icon.png",
        "fanart": "resources/fanart.png",
        "dependencies": null
    }
}
