{
    "epg":{
        "id": null,
        "icon": "cast",
        "label": "EPG Providers",
        "description": "EPG Services",
        "sections":{
            "tvguide":{
                "label": "TVGuide",
                "sort": "TVGuide1",
                "icon": "tune",
                "description": "Settings for TVGuide",
                "settings":{
                    "enabled":{
                        "label": "Enabled",
                        "type": "boolean",
                        "default": true,
                        "level": 0,
                        "help": "Default: True. Will disable if an error occurs; otherwise set to disable to disable plugin"
                    },
                    "plugin_image":{
                        "label": "Image",
                        "type": "image",
                        "default": null,
                        "level": 0,
                        "help": "The plugin icon"
                    },
                    "version":{
                        "label": "Version",
                        "type": "string",
                        "default": null,
                        "level": 0,
                        "writable": false,
                        "help": "Version of the plugin in the plugin.json file"
                    },
                    "http_delay":{
                        "label": "HTTP delay",
                        "type": "float",
                        "default": 1.1,
                        "level": 2,
                        "writable": true,
                        "onChange": ".provider_epg_tvguide.lib.config_callbacks.timeout_limit",
                        "help": "Default: 1.1. Floating point delay in seconds between HTTP GETs to the provider website to slow down hitting site."
                    }
                }
            }
        }
    }
}
