[ 
{"plugin": "TVGuide", "zone": 9133003818, "id": 9200006923, "group": "USA", "name": "ABC USA" },
{"plugin": "TVGuide", "zone": 9133001172, "id": 9233000439, "group": "USA", "name": "CBS USA" },
{"plugin": "TVGuide", "zone": 9100002046, "id": 9233011926, "group": "USA", "name": "FOX USA" },
{"plugin": "TVGuide", "zone": 9100002933, "id": 9200007005, "group": "USA", "name": "NBC USA" },
{"plugin": "TVGuide", "zone": 9100002825, "id": 9200020077, "group": "USA", "name": "CW USA" },
{"plugin": "TVGuide", "zone": 9100002013, "id": 9200004889, "group": "USA", "name": "A&E USA" },
{"plugin": "TVGuide", "zone": 9133007816, "id": 9200000057, "group": "USA", "name": "ABCNY USA" },
{"plugin": "TVGuide", "zone": 9133007816, "id": 9233011061, "group": "USA", "name": "ACC Network USA" },
{"plugin": "TVGuide", "zone": 9133007816, "id": 9233001926, "group": "USA", "name": "Adult Swim" },
{"plugin": "TVGuide", "zone": 9100002013, "id": 9233011832, "group": "USA", "name": "AMC USA" },
{"plugin": "TVGuide", "zone": 9100002013, "id": 9200018479, "group": "USA", "name": "Animal Planet" },
{"plugin": "TVGuide", "zone": 9133007816, "id": 9200002987, "group": "USA", "name": "AXS TV USA" },
{"plugin": "TVGuide", "zone": 9100002013, "id": 9200014701, "group": "USA", "name": "BBC America (BBCA)" },
{"plugin": "TVGuide", "zone": 9100002013, "id": 9233005931, "group": "USA", "name": "BET USA" },
{"plugin": "TVGuide", "zone": 9133003818, "id": 9200018130, "group": "USA", "name": "BIG TEN Network (BTN USA)" },
{"plugin": "TVGuide", "zone": 9133007816, "id": 9233015844, "group": "USA", "name": "Boomerang" },
{"plugin": "TVGuide", "zone": 9100002013, "id": 9200002886, "group": "USA", "name": "Bravo USA" },
{"plugin": "TVGuide", "zone": 9100002013, "id": 9200004848, "group": "USA", "name": "Cartoon Network" },
{"plugin": "TVGuide", "zone": 9133003818, "id": 9233013235, "group": "USA", "name": "CBS Sports Network (CBSSN)" },
{"plugin": "TVGuide", "zone": 9133007816, "id": 9233011201, "group": "USA", "name": "CBSNY USA" },
{"plugin": "TVGuide", "zone": 9100001138, "id": 9233009829, "group": "USA", "name": "Cinemax USA" },
{"plugin": "TVGuide", "zone": 9100001138, "id": 9200012085, "group": "USA", "name": "CMT USA" },
{"plugin": "TVGuide", "zone": 9100002013, "id": 9200009413, "group": "USA", "name": "CNBC USA" },
{"plugin": "TVGuide", "zone": 9100002013, "id": 9233013812, "group": "USA", "name": "CNN USA" },
{"plugin": "TVGuide", "zone": 9100002013, "id": 9200000657, "group": "USA", "name": "Comedy Central" },
{"plugin": "TVGuide", "zone": 9133007816, "id": 9200009245, "group": "USA", "name": "Destination America" },
{"plugin": "TVGuide", "zone": 9133007816, "id": 9200004290, "group": "USA", "name": "Discovery Family" },
{"plugin": "TVGuide", "zone": 9100002013, "id": 9233004102, "group": "USA", "name": "Discovery Channel" },
{"plugin": "TVGuide", "zone": 9100002013, "id": 9233013857, "group": "USA", "name": "Discovery Life Channel" },
{"plugin": "TVGuide", "zone": 9100002013, "id": 9200018475, "group": "USA", "name": "Disney Channel" },
{"plugin": "TVGuide", "zone": 9133007816, "id": 9200016560, "group": "USA", "name": "Disney JR" },
{"plugin": "TVGuide", "zone": 9100002013, "id": 9200004852, "group": "USA", "name": "Disney XD" },
{"plugin": "TVGuide", "zone": 9100002013, "id": 9200012343, "group": "USA", "name": "E! Entertainment Television" },
{"plugin": "TVGuide", "zone": 9133003818, "id": 9233000478, "group": "USA", "name": "ESPN Deportes" },
{"plugin": "TVGuide", "zone": 9100002013, "id": 9200006937, "group": "USA", "name": "ESPN USA" },
{"plugin": "TVGuide", "zone": 9100002013, "id": 9200012351, "group": "USA", "name": "ESPN2 USA" },
{"plugin": "TVGuide", "zone": 9100002013, "id": 9233011350, "group": "USA", "name": "ESPNU USA" },
{"plugin": "TVGuide", "zone": 9100002013, "id": 9233009448, "group": "USA", "name": "Food Network" },
{"plugin": "TVGuide", "zone": 9100002825, "id": 9233009721, "group": "USA", "name": "FOX Deportes USA" },
{"plugin": "TVGuide", "zone": 9100002013, "id": 9233000410, "group": "USA", "name": "Fox News" },
{"plugin": "TVGuide", "zone": 9133007816, "id": 9233015591, "group": "USA", "name": "FOX Soccer Plus" },
{"plugin": "TVGuide", "zone": 9100002013, "id": 9233008440, "group": "USA", "group": "USA", "name": "Fox Sports 1 USA" },
{"plugin": "TVGuide", "zone": 9133007816, "id": 9200009884, "group": "USA", "name": "Fox Sports 2 USA" },
{"plugin": "TVGuide", "zone": 9133007816, "id": 9200012310, "group": "USA", "name": "FOXNY USA" },
{"plugin": "TVGuide", "zone": 9100002013, "id": 9200006942, "group": "USA", "name": "Freeform" },
{"plugin": "TVGuide", "zone": 9100002013, "id": 9233013967, "group": "USA", "name": "FX Movie Channel" },
{"plugin": "TVGuide", "zone": 9100002013, "id": 9200006932, "group": "USA", "name": "FX USA" },
{"plugin": "TVGuide", "zone": 9133007816, "id": 9200018644, "group": "USA", "name": "FXX USA" },
{"plugin": "TVGuide", "zone": 9133007816, "id": 9200020460, "group": "USA", "name": "FYI" },
{"plugin": "TVGuide", "zone": 9100002013, "id": 9200019858, "group": "USA", "name": "Game Show Network" },
{"plugin": "TVGuide", "zone": 9100002013, "id": 9233005443, "group": "USA", "name": "GOLF Channel USA" },
{"plugin": "TVGuide", "zone": 9100002013, "id": 9200016034, "group": "USA", "name": "Hallmark Channel" },
{"plugin": "TVGuide", "zone": 9133007816, "id": 9200020115, "group": "USA", "name": "Hallmark Movies & Mysterie" },
{"plugin": "TVGuide", "zone": 9100002013, "id": 9200004886, "group": "USA", "name": "HBO USA" },
{"plugin": "TVGuide", "zone": 9133003818, "id": 9200016601, "group": "USA", "name": "Headline News" },
{"plugin": "TVGuide", "zone": 9100002013, "id": 9233004104, "group": "USA", "name": "HGTV" },
{"plugin": "TVGuide", "zone": 9100002013, "id": 9233008002, "group": "USA", "name": "History USA" },
{"plugin": "TVGuide", "zone": 9133007816, "id": 9200004303, "group": "USA", "name": "IFC TV USA" },
{"plugin": "TVGuide", "zone": 9100002013, "id": 9233011910, "group": "USA", "name": "ION USA" },
{"plugin": "TVGuide", "zone": 9100002013, "id": 9200002243, "group": "USA", "name": "Investigation Discovery (ID USA)" },
{"plugin": "TVGuide", "zone": 9100002013, "id": 9200020452, "group": "USA", "name": "Lifetime Network" },
{"plugin": "TVGuide", "zone": 9100002013, "id": 9233009825, "group": "USA", "name": "Lifetime Movies Network" },
{"plugin": "TVGuide", "zone": 9133007816, "id": 9200012415, "group": "USA", "name": "Magnolia Network" },
{"plugin": "TVGuide", "zone": 9133004513, "id": 9233001545, "group": "USA", "name": "Marquee Sports Network" },
{"plugin": "TVGuide", "zone": 9133007816, "id": 9233011389, "group": "USA", "name": "MASN USA" },
{"plugin": "TVGuide", "zone": 9133007816, "id": 9200014842, "group": "USA", "name": "METV USA" },
{"plugin": "TVGuide", "zone": 9133003818, "id": 9200009223, "group": "USA", "name": "MLB Network USA" },
{"plugin": "TVGuide", "zone": 9133007816, "id": 9233003479, "group": "USA", "name": "Motor Trend" },
{"plugin": "TVGuide", "zone": 9133007816, "id": 9233007993, "group": "USA", "name": "MSG USA" },
{"plugin": "TVGuide", "zone": 9100002013, "id": 9233006803, "group": "USA", "name": "MSNBC" },
{"plugin": "TVGuide", "zone": 9100002013, "id": 9200014754, "group": "USA", "name": "MTV USA" },
{"plugin": "TVGuide", "zone": 9133007816, "id": 9200017875, "group": "USA", "name": "MY9TV USA" },
{"plugin": "TVGuide", "zone": 9133003818, "id": 9200000070, "group": "USA", "name": "NBA TV USA" },
{"plugin": "TVGuide", "zone": 9133007816, "id": 9200016000, "group": "USA", "name": "NBCNY USA" },
{"plugin": "TVGuide", "zone": 9133007816, "id": 9200004312, "group": "USA", "name": "NESN USA" },
{"plugin": "TVGuide", "zone": 9100002825, "id": 9200004330, "group": "USA", "name": "NFL Network" },
{"plugin": "TVGuide", "zone": 9133007816, "id": 9233009455, "group": "USA", "name": "NHL Network USA" },
{"plugin": "TVGuide", "zone": 9100002013, "id": 9200006939, "group": "USA", "name": "NICK" },
{"plugin": "TVGuide", "zone": 9133003818, "id": 9233007153, "group": "USA", "name": "NICK JR" },
{"plugin": "TVGuide", "zone": 9133007816, "id": 9200020469, "group": "USA", "name": "Nicktoons" },
{"plugin": "TVGuide", "zone": 9133007816, "id": 9200004683, "group": "USA", "name": "Nat Geo Wild USA" },
{"plugin": "TVGuide", "zone": 9100002013, "id": 9233002310, "group": "USA", "name": "National Geographic (NGC)" },
{"plugin": "TVGuide", "zone": 9100002013, "id": 9200002736, "group": "USA", "name": "Oprah Winfrey Network (OWN)" },
{"plugin": "TVGuide", "zone": 9100002013, "id": 9200004949, "group": "USA", "name": "Oxygen True Crime" },
{"plugin": "TVGuide", "zone": 9100002013, "id": 9233013810, "group": "USA", "name": "Paramount Network" },
{"plugin": "TVGuide", "zone": 9133007816, "id": 9200020464, "group": "USA", "name": "POP TV USA" },
{"plugin": "TVGuide", "zone": 9133007816, "id": 9200011769, "group": "USA", "name": "Reelz Channel" },
{"plugin": "TVGuide", "zone": 9100002013, "id": 9200019847, "group": "USA", "name": "Science Channel" },
{"plugin": "TVGuide", "zone": 9133003818, "id": 9233008517, "group": "USA", "name": "SEC Network USA" },
{"plugin": "TVGuide", "zone": 9100002013, "id": 9200016599, "group": "USA", "name": "Showtime USA" },
{"plugin": "TVGuide", "zone": 9100002013, "id": 9233013809, "group": "USA", "name": "Starz" },
{"plugin": "TVGuide", "zone": 9100001138, "id": 9233001687, "group": "USA", "name": "Sundance TV" },
{"plugin": "TVGuide", "zone": 9100001138, "id": 9200004316, "group": "USA", "name": "SYFY USA" },
{"plugin": "TVGuide", "zone": 9100002013, "id": 9233000403, "group": "USA", "name": "TBS USA" },
{"plugin": "TVGuide", "zone": 9100001138, "id": 9200017928, "group": "USA", "name": "TCM USA" },
{"plugin": "TVGuide", "zone": 9133007816, "id": 9200006974, "group": "USA", "name": "TeenNick" },
{"plugin": "TVGuide", "zone": 9100002013, "id": 9233004112, "group": "USA", "name": "TLC" },
{"plugin": "TVGuide", "zone": 9100002013, "id": 9233011830, "group": "USA", "name": "TNT USA" },
{"plugin": "TVGuide", "zone": 9133003818, "id": 9200018577, "group": "USA", "name": "TUDN USA" },
{"plugin": "TVGuide", "zone": 9133007816, "id": 9233009201, "group": "USA", "name": "TV ONE USA" },
{"plugin": "TVGuide", "zone": 9100002013, "id": 9233005468, "group": "USA", "name": "TVLAND" },
{"plugin": "TVGuide", "zone": 9133003818, "id": 9200017917, "group": "USA", "name": "Tennis Channel" },
{"plugin": "TVGuide", "zone": 9100002013, "id": 9233000035, "group": "USA", "name": "Travel Channel" },
{"plugin": "TVGuide", "zone": 9100002013, "id": 9200009547, "group": "USA", "name": "TruTV USA" },
{"plugin": "TVGuide", "zone": 9100002013, "id": 9233004106, "group": "USA", "name": "USA Network" },
{"plugin": "TVGuide", "zone": 9133003818, "id": 9200007132, "group": "USA", "name": "Unimas" },
{"plugin": "TVGuide", "zone": 9133003818, "id": 9200006768, "group": "USA", "name": "Univision" },
{"plugin": "TVGuide", "zone": 9100002013, "id": 9233000037, "group": "USA", "name": "VH1 USA" },
{"plugin": "TVGuide", "zone": 9133007816, "id": 9233002242, "group": "USA", "name": "VICE TV" },
{"plugin": "TVGuide", "zone": 9133003818, "id": 9233013815, "group": "USA", "name": "Weather Channel" },
{"plugin": "TVGuide", "zone": 9133007816, "id": 9233003770, "group": "USA", "name": "WETV USA" },
{"plugin": "TVGuide", "zone": 9133007816, "id": 9200004247, "group": "USA", "name": "YES Network USA" }
]
