{
    "streams":{
        "id": null,
        "icon": "cast",
        "label": "Stream Providers",
        "description": "Streaming Services",
        "sections":{
            "plutotv":{
                "label": "PlutoTV",
                "sort": "PlutoTV1",
                "icon": "cast",
                "description": "Settings for PlutoTV",
                "settings":{
                    "enabled":{
                        "label": "Enabled",
                        "type": "boolean",
                        "default": true,
                        "level": 0,
                        "help": "Will disable if an error occurs; otherwise set to disable to disable plugin"
                    },
                    "plugin_image":{
                        "label": "Image",
                        "type": "image",
                        "default": null,
                        "level": 0,
                        "help": "The plugin icon"
                    },
                    "version":{
                        "label": "Version",
                        "type": "string",
                        "default": null,
                        "level": 0,
                        "writable": false,
                        "help": "Version of the plugin in the plugin.json file"
                    },
                    "program_thumbnail":{
                        "label": "Program Thumbnail",
                        "type": "list",
                        "default": "featuredImage",
                        "values": ["featuredImage", "poster", "thumbnail"],
                        "level": 1,
                        "help": "M3U8 only used with subscriptions.  TVHeadend has bugs with the M3U8 file from PlutoTV. ffmpeg uses ffmpeg and ffprobe.  Internal is the most efficient and cleanest solution."
                    },
                    "channel-thumbnail":{
                        "label": "Channel Thumbnail",
                        "type": "list",
                        "default": "colorLogoPNG",
                        "values": ["colorLogoPNG", "colorLogoSVG", "solidLogoSVG",
                            "solidLogoPNG", "thumbnail", "logo",
                            "featuredImage"],
                        "level": 1,
                        "help": "M3U8 only used with subscriptions.  TVHeadend has bugs with the M3U8 file from PlutoTV. ffmpeg uses ffmpeg and ffprobe.  Internal is the most efficient and cleanest solution."
                    },                    
                    "player-tuner_count":{
                        "label": "tuner_count",
                        "type": "integer",
                        "default": 10,
                        "level": 2,
                        "help": "Number of streams active at one time"
                    },
                    "player-send_atsc_keepalive":{
                        "label": "Send ATSC Keep-Alive",
                        "type": "boolean",
                        "default": false,
                        "level": 2,
                        "help": "For internalpproxy, when the provider stops sending packets or the stream is being filtered for 15 seconds, will send a ATSC keep-alive msg to client"
                    },
                    "epg-hours":{
                        "label": "EPG Hours to Pull",
                        "type": "integer",
                        "default": 14,
                        "level": 3,
                        "help": "PlutoTV max is 14 hours including 2 hours in the past."
                    }
                }
            }
        }
    }
}

